Link, Anchor Text
"https://en.wikipedia.org/wiki/Aptronym#mw-head", Jump to navigation
"https://en.wikipedia.org/wiki/Aptronym#searchInput", Jump to search
"https://en.wikipedia.org/wiki/Personal_name", Personal name
"https://en.wikipedia.org/wiki/Aptronym#History", 1	History
"https://en.wikipedia.org/wiki/Aptronym#Notable_examples", 2	Notable examples
"https://en.wikipedia.org/wiki/Aptronym#Inaptronyms", 2.1	Inaptronyms
"https://en.wikipedia.org/wiki/Aptronym#See_also", 3	See also
"https://en.wikipedia.org/wiki/Aptronym#References", 4	References
"https://en.wikipedia.org/wiki/Aptronym#External_links", 5	External links
"https://en.wikipedia.org/w/index.php?title=Aptronym&action=edit&section=1", edit
"https://en.wikipedia.org/wiki/Encyclop%C3%A6dia_Britannica", Encyclopædia Britannica
"https://en.wikipedia.org/wiki/Franklin_P._Adams", Franklin P. Adams
"https://en.wikipedia.org/wiki/Aptronym#cite_note-1", [1]
"https://en.wikipedia.org/wiki/Aptronym#cite_note-2", [2]
"https://en.wikipedia.org/wiki/Paul_Dickson_(writer)", Paul Dickson
"https://en.wikipedia.org/w/index.php?title=Lewis_P._Lipsitt&action=edit&redlink=1", Lewis P. Lipsitt
"https://en.wikipedia.org/wiki/Brown_University", Brown University
"https://en.wikipedia.org/wiki/Aptronym#cite_note-3", [3]
"https://en.wikipedia.org/wiki/Carl_Jung", Carl Jung
"https://en.wikipedia.org/wiki/Synchronicity_(book)", Synchronicity
"https://en.wikipedia.org/wiki/Aptronym#cite_note-4", [4]
"https://en.wikipedia.org/wiki/Nominative_determinism", Nominative determinism
"https://en.wikipedia.org/w/index.php?title=Aptronym&action=edit&section=2", edit
"https://en.wikipedia.org/wiki/Jules_Angst", Jules Angst
"https://en.wikipedia.org/wiki/Psychiatry", psychiatry
"https://en.wikipedia.org/wiki/Anxiety", anxiety
"https://en.wiktionary.org/wiki/angst", angst
"https://en.wikipedia.org/wiki/Aptronym#cite_note-guardian-5", [5]
"https://en.wikipedia.org/wiki/Michael_Ball_(footballer)", Michael Ball
"https://en.wikipedia.org/wiki/Aptronym#cite_note-macmillan-6", [6]
"https://en.wikipedia.org/wiki/Colin_Bass", Colin Bass
"https://en.wikipedia.org/wiki/Bass_guitar", bassist
"https://en.wikipedia.org/wiki/Camel_(band)", Camel
"https://en.wikipedia.org/wiki/Lance_Bass", Lance Bass
"https://en.wikipedia.org/wiki/Bass_(voice_type)", bass
"https://en.wikipedia.org/wiki/Boy_band", boy band
"https://en.wikipedia.org/wiki/NSYNC", NSYNC
"https://en.wikipedia.org/wiki/Aptronym#cite_note-7", [7]
"https://en.wikipedia.org/wiki/Mickey_Bass", Mickey Bass
"https://en.wikipedia.org/wiki/Aptronym#cite_note-roberts-8", [8]
"https://en.wikipedia.org/wiki/Alexander_Graham_Bell", Alexander Graham Bell
"https://en.wikipedia.org/wiki/Telephone", telephone
"https://en.wikipedia.org/wiki/Aptronym#cite_note-9", [9]
"https://en.wikipedia.org/wiki/Tito%27s_Vodka", Tito's Vodka
"https://en.wikipedia.org/wiki/Aptronym#cite_note-10", [10]
"https://en.wikipedia.org/wiki/Sara_Blizzard", Sara Blizzard
"https://en.wikipedia.org/wiki/Meteorologist", meteorologist
"https://en.wikipedia.org/wiki/BBC", BBC
"https://en.wikipedia.org/wiki/John_Blow", John Blow
"https://en.wikipedia.org/wiki/Aptronym#cite_note-11", [11]
"https://en.wikipedia.org/wiki/Usain_Bolt", Usain Bolt
"https://en.wikipedia.org/wiki/Aptronym#cite_note-12", [12]
"https://en.wikipedia.org/wiki/Aptronym#cite_note-:0-13", [13]
"https://en.wikipedia.org/wiki/Doug_Bowser", Doug Bowser
"https://en.wikipedia.org/wiki/Nintendo_of_America", Nintendo of America
"https://en.wikipedia.org/wiki/Bowser", Bowser
"https://en.wikipedia.org/wiki/Aptronym#cite_note-14", [14]
"https://en.wikipedia.org/wiki/Russell_Brain,_1st_Baron_Brain", Russell Brain, 1st Baron Brain
"https://en.wikipedia.org/wiki/Aptronym#cite_note-15", [15]
"https://en.wikipedia.org/wiki/Rosalind_Brewer", Rosalind Brewer
"https://en.wikipedia.org/wiki/Starbucks", Starbucks
"https://en.wikipedia.org/wiki/Molson_Coors_Brewing_Company", Molson Coors Brewing Company
"https://en.wikipedia.org/wiki/Aptronym#cite_note-16", [16]
"https://en.wikipedia.org/wiki/Aptronym#cite_note-17", [17]
"https://en.wikipedia.org/wiki/Christopher_Coke", Christopher Coke
"https://en.wikipedia.org/wiki/Cocaine", cocaine
"https://en.wikipedia.org/wiki/Aptronym#cite_note-18", [18]
"https://en.wikipedia.org/wiki/Margaret_Court", Margaret Court
"https://en.wikipedia.org/wiki/Tennis", tennis
"https://en.wikipedia.org/wiki/Thomas_Crapper", Thomas Crapper
"https://en.wikipedia.org/wiki/Aptronym#cite_note-19", [19]
"https://en.wikipedia.org/wiki/Kutter_Crawford", Kutter Crawford
"https://en.wikipedia.org/wiki/Cut_fastball", cutter
"https://en.wikipedia.org/wiki/Aptronym#cite_note-20", [20]
"https://en.wikipedia.org/wiki/Mark_De_Man", Mark De Man
"https://en.wikipedia.org/wiki/Aptronym#cite_note-21", [21]
"https://en.wikipedia.org/wiki/Josh_Earnest", Josh Earnest
"https://en.wikipedia.org/wiki/White_House_Press_Secretary", White House Press Secretary
"https://en.wikipedia.org/wiki/Obama_administration", Obama administration
"https://en.wikipedia.org/wiki/Aptronym#cite_note-Politico-22", [22]
"https://en.wikipedia.org/wiki/Richard_Fairbank", Rich Fairbank
"https://en.wikipedia.org/wiki/Capital_One", Capital One
"https://en.wikipedia.org/wiki/Aptronym#cite_note-23", [23]
"https://en.wikipedia.org/wiki/Aptronym#cite_note-Starling2017-24", [24]
"https://en.wikipedia.org/wiki/Cecil_Fielder", Cecil Fielder
"https://en.wikipedia.org/wiki/Prince_Fielder", Prince Fielder
"https://en.wikipedia.org/wiki/Baseball_positions", fielder
"https://en.wikipedia.org/wiki/Aptronym#cite_note-25", [25]
"https://en.wikipedia.org/wiki/Bob_Flowerdew", Bob Flowerdew
"https://en.wikipedia.org/wiki/Aptronym#cite_note-26", [26]
"https://en.wikipedia.org/wiki/Amy_Freeze", Amy Freeze
"https://en.wikipedia.org/wiki/Aptronym#cite_note-slate-27", [27]
"https://en.wikipedia.org/wiki/William_Headline", William Headline
"https://en.wikipedia.org/wiki/CNN", CNN
"https://en.wikipedia.org/wiki/Aptronym#cite_note-28", [28]
"https://en.wikipedia.org/wiki/Fielder_Jones", Fielder Jones
"https://en.wikipedia.org/wiki/Aptronym#cite_note-29", [29]
"https://en.wikipedia.org/wiki/Igor_Judge,_Baron_Judge", Igor Judge
"https://en.wikipedia.org/wiki/Lord_Chief_Justice_of_England_and_Wales", Lord Chief Justice
"https://en.wikipedia.org/wiki/Aptronym#cite_note-30", [30]
"https://en.wikipedia.org/wiki/Aptronym#cite_note-Furness2012-31", [31]
"https://en.wikipedia.org/wiki/Rem_Koolhaas", Rem Koolhaas
"https://en.wikipedia.org/wiki/Aptronym#cite_note-32", [32]
"https://en.wikipedia.org/wiki/John_Laws_(judge)", John Laws
"https://en.wikipedia.org/wiki/Lord_Justice_of_Appeal", Lord Justice of Appeal
"https://en.wikipedia.org/wiki/Richard_and_Mildred_Loving", Richard and Mildred Loving
"https://en.wikipedia.org/wiki/Loving_v._Virginia", Loving v. Virginia
"https://en.wikipedia.org/wiki/Interracial_marriage", interracial marriage
"https://en.wikipedia.org/wiki/Aptronym#cite_note-33", [33]
"https://en.wikipedia.org/wiki/Auguste_and_Louis_Lumi%C3%A8re", Auguste and Louis Lumière
"https://en.wikipedia.org/wiki/Aptronym#cite_note-34", [34]
"https://en.wikipedia.org/wiki/Chris_Moneymaker", Chris Moneymaker
"https://en.wikipedia.org/wiki/2003_World_Series_of_Poker", 2003 World Series of Poker
"https://en.wikipedia.org/wiki/Aptronym#cite_note-35", [35]
"https://en.wikipedia.org/wiki/Eugenius_Outerbridge", Eugenius Outerbridge
"https://en.wikipedia.org/wiki/Port_Authority_of_New_York_and_New_Jersey", Port Authority of New York and New Jersey
"https://en.wikipedia.org/wiki/Outerbridge_Crossing", Outerbridge Crossing
"https://en.wikipedia.org/wiki/Aptronym#cite_note-36", [36]
"https://en.wikipedia.org/wiki/Josh_Outman", Josh Outman
"https://en.wikipedia.org/wiki/Aptronym#cite_note-goldberg-37", [37]
"https://en.wikipedia.org/wiki/Eugene_Profit", Eugene Profit
"https://en.wikipedia.org/wiki/American_football", American football
"https://en.wikipedia.org/wiki/Profit_Investment_Management", Profit Investment Management
"https://en.wikipedia.org/wiki/Aptronym#cite_note-38", [38]
"https://en.wikipedia.org/wiki/Francine_Prose", Francine Prose
"https://en.wikipedia.org/wiki/Aptronym#cite_note-39", [39]
"https://en.wikipedia.org/wiki/Jonathan_Quick", Jonathan Quick
"https://en.wikipedia.org/wiki/Los_Angeles_Kings", Los Angeles Kings
"https://en.wikipedia.org/wiki/National_Hockey_League", National Hockey League
"https://en.wikipedia.org/wiki/Aptronym#cite_note-40", [40]
"https://en.wikipedia.org/wiki/Corona_Rintawan", Corona Rintawan
"https://en.wikipedia.org/wiki/Muhammadiyah", Muhammadiyah
"https://en.wikipedia.org/wiki/COVID-19_pandemic_in_Indonesia", COVID-19 (coronavirus) pandemic
"https://en.wikipedia.org/wiki/Aptronym#cite_note-Jakarta_Post_Swaragita-41", [41]
"https://en.wikipedia.org/wiki/Bob_Rock", Bob Rock
"https://en.wikipedia.org/wiki/Metallica", Metallica
"https://en.wikipedia.org/wiki/Aerosmith", Aerosmith
"https://en.wikipedia.org/wiki/Aptronym#cite_note-42", [42]
"https://en.wikipedia.org/wiki/Dennis_Rodman", Dennis Rodman
"https://en.wikipedia.org/wiki/Aptronym#cite_note-43", [43]
"https://en.wikipedia.org/wiki/Tennys_Sandgren", Tennys Sandgren
"https://en.wikipedia.org/wiki/Aptronym#cite_note-44", [44]
"https://en.wikipedia.org/wiki/Marilyn_vos_Savant", Marilyn vos Savant
"https://en.wikipedia.org/wiki/Intelligence_quotient", IQ
"https://en.wiktionary.org/wiki/savant", savant
"https://en.wikipedia.org/wiki/Aptronym#cite_note-45", [45]
"https://en.wikipedia.org/wiki/Larry_Speakes", Larry Speakes
"https://en.wikipedia.org/wiki/White_House", White House
"https://en.wikipedia.org/wiki/President_of_the_United_States", President
"https://en.wikipedia.org/wiki/Ronald_Reagan", Ronald Reagan
"https://en.wikipedia.org/wiki/Aptronym#cite_note-46", [46]
"https://en.wikipedia.org/wiki/Scott_Speed", Scott Speed
"https://en.wikipedia.org/wiki/Formula_One", Formula One
"https://en.wikipedia.org/wiki/Formula_E", Formula E
"https://en.wikipedia.org/wiki/Aptronym#cite_note-47", [47]
"https://en.wikipedia.org/wiki/Aptronym#cite_note-48", [48]
"https://en.wikipedia.org/wiki/Aptronym#cite_note-49", [49]
"https://en.wikipedia.org/wiki/Aptronym#cite_note-50", [50]
"https://en.wikipedia.org/wiki/George_Francis_Train", George Francis Train
"https://en.wikipedia.org/wiki/Marijuana_Pepsi_Vandyck", Marijuana Pepsi Vandyck
"https://en.wikipedia.org/wiki/Aptronym#cite_note-51", [51]
"https://en.wikipedia.org/wiki/Aptronym#cite_note-52", [52]
"https://en.wikipedia.org/wiki/Walter_Washington", Walter Washington
"https://en.wikipedia.org/wiki/African_Americans", African American
"https://en.wikipedia.org/wiki/Washington,_D.C.", Washington, D.C.
"https://en.wikipedia.org/wiki/Anthony_Weiner", Anthony Weiner
"https://en.wikipedia.org/wiki/Sexting", sexting
"https://en.wikipedia.org/wiki/John_Minor_Wisdom", John Minor Wisdom
"https://en.wikipedia.org/wiki/William_Wordsworth", William Wordsworth
"https://en.wikipedia.org/wiki/British_copyright_law", British copyright law
"https://en.wikipedia.org/wiki/Aptronym#cite_note-53", [53]
"https://en.wikipedia.org/wiki/Aptronym#cite_note-54", [54]
"https://en.wikipedia.org/wiki/Early_Wynn", Early Wynn
"https://en.wikipedia.org/wiki/300_win_club", 300 win club
"https://en.wikipedia.org/wiki/Aptronym#cite_note-55", [55]
"https://en.wikipedia.org/wiki/Tiger_Woods", Tiger Woods
"https://en.wikipedia.org/wiki/Wood_(golf)", wood
"https://en.wikipedia.org/wiki/Aptronym#cite_note-56", [56]
"https://en.wikipedia.org/w/index.php?title=Aptronym&action=edit&section=3", edit
"https://en.wikipedia.org/wiki/Irony", ironic
"https://en.wikipedia.org/wiki/Gene_Weingarten", Gene Weingarten
"https://en.wikipedia.org/wiki/The_Washington_Post", The Washington Post
"https://en.wikipedia.org/wiki/Aptronym#cite_note-57", [57]
"https://en.wikipedia.org/wiki/Aptronym#cite_note-:1-58", [58]
"https://en.wikipedia.org/wiki/Grant_Balfour", Grant Balfour
"https://en.wikipedia.org/wiki/Aptronym#cite_note-59", [59]
"https://en.wikipedia.org/wiki/Frank_Beard_(musician)", Frank Beard
"https://en.wikipedia.org/wiki/ZZ_Top", ZZ Top
"https://en.wikipedia.org/wiki/Aptronym#cite_note-60", [60]
"https://en.wikipedia.org/wiki/Don_Black_(white_supremacist)", Don Black
"https://en.wikipedia.org/wiki/White_supremacist", white supremacist
"https://en.wikipedia.org/wiki/Peter_Bowler_(cricketer)", Peter Bowler
"https://en.wikipedia.org/wiki/Cricket", cricketer
"https://en.wikipedia.org/wiki/Batsman", batsman
"https://en.wikipedia.org/wiki/Samuel_Foote", Samuel Foote
"https://en.wikipedia.org/wiki/Aptronym#cite_note-61", [61]
"https://en.wikipedia.org/wiki/Food_for_the_Poor", Food for the Poor
"https://en.wikipedia.org/wiki/Aptronym#cite_note-62", [62]
"https://en.wikipedia.org/wiki/Aptronym#cite_note-63", [63]
"https://en.wikipedia.org/wiki/Danielle_Outlaw", Danielle Outlaw
"https://en.wikipedia.org/wiki/Aptronym#cite_note-64", [64]
"https://en.wikipedia.org/wiki/Larry_Playfair", Larry Playfair
"https://en.wikipedia.org/wiki/NHL", NHL
"https://en.wikipedia.org/wiki/Fighting_in_ice_hockey", fighting
"https://en.wikipedia.org/wiki/Aptronym#cite_note-65", [65]
"https://en.wikipedia.org/wiki/Jaime_Sin", Jaime Sin
"https://en.wikipedia.org/wiki/Catholic_Church", Catholic
"https://en.wikipedia.org/wiki/Prelate", prelate
"https://en.wikipedia.org/wiki/Cardinal_(Catholicism)", cardinal
"https://en.wikipedia.org/wiki/Seven_deadly_sins", Cardinal Sin
"https://en.wikipedia.org/wiki/Bob_Walk", Bob Walk
"https://en.wikipedia.org/wiki/Aptronym#cite_note-66", [66]
"https://en.wikipedia.org/w/index.php?title=Aptronym&action=edit&section=4", edit
"https://en.wikipedia.org/wiki/-onym", -onym
"https://en.wikipedia.org/w/index.php?title=Aptronym&action=edit&section=5", edit
"https://en.wikipedia.org/wiki/Aptronym#cite_ref-1", ^
"http://www.britannica.com/EBchecked/topic/30911/aptronym", "aptronym"
"https://web.archive.org/web/20090511032659/http://www.britannica.com/EBchecked/topic/30911/aptronym", Archived
"https://en.wikipedia.org/wiki/Aptronym#cite_ref-2", ^
"https://www.google.com/books/edition/_/8ktiAAAAMAAJ?bsq=aptonym", The Study of Names: A Guide to the Principles and Topics
"https://en.wikipedia.org/wiki/ISBN_(identifier)", ISBN
"https://en.wikipedia.org/wiki/Special:BookSources/9780313283567", 9780313283567
"https://en.wikipedia.org/wiki/Aptronym#cite_ref-3", ^
"https://archive.org/details/whatsinnamerefle00dick", What's in a Name? Reflections of an Irrepressible Name Collector
"https://en.wikipedia.org/wiki/Special:BookSources/0-87779-613-0", 0-87779-613-0
"https://en.wikipedia.org/wiki/Aptronym#cite_ref-4", ^
"http://news.bbc.co.uk/today/hi/today/newsid_9664000/9664697.stm", "When the name fits the job"
"https://web.archive.org/web/20210327002843/http://news.bbc.co.uk/today/hi/today/newsid_9664000/9664697.stm", Archived
"https://en.wikipedia.org/wiki/Aptronym#cite_ref-guardian_5-0", Jump up to:
a
"https://en.wikipedia.org/wiki/Aptronym#cite_ref-guardian_5-1", b
"https://en.wikipedia.org/wiki/Aptronym#cite_ref-guardian_5-2", c
"https://en.wikipedia.org/wiki/Aptronym#cite_ref-guardian_5-3", d
"https://en.wikipedia.org/wiki/Aptronym#cite_ref-guardian_5-4", e
"https://en.wikipedia.org/wiki/Aptronym#cite_ref-guardian_5-5", f
"https://www.theguardian.com/media/mind-your-language/2014/oct/31/mind-your-language-nominative-determinism", "Reckless by name, reckless by nature? (But at least he's not called Rich White)"
"https://en.wikipedia.org/wiki/TheGuardian.com", TheGuardian.com
"https://web.archive.org/web/20210307103120/https://www.theguardian.com/media/mind-your-language/2014/oct/31/mind-your-language-nominative-determinism", Archived
"https://en.wikipedia.org/wiki/Aptronym#cite_ref-macmillan_6-0", Jump up to:
a
"https://en.wikipedia.org/wiki/Aptronym#cite_ref-macmillan_6-1", b
"https://en.wikipedia.org/wiki/Aptronym#cite_ref-macmillan_6-2", c
"https://en.wikipedia.org/wiki/Aptronym#cite_ref-macmillan_6-3", d
"https://en.wikipedia.org/wiki/Aptronym#cite_ref-macmillan_6-4", e
"http://www.macmillandictionary.com/buzzword/entries/aptronym.html", "BuzzWord: Aptronym"
"https://web.archive.org/web/20170202042913/http://www.macmillandictionary.com/buzzword/entries/aptronym.html", Archived
"https://en.wikipedia.org/wiki/Aptronym#cite_ref-7", ^
"https://books.google.com/books?id=Hus7DwAAQBAJ&q=lance+bass+aptronym&pg=PP28", "20 20 Smart Lists"
"https://en.wikipedia.org/wiki/Special:BookSources/9781635684766", 9781635684766
"https://web.archive.org/web/20220125062840/https://books.google.com/books?id=Hus7DwAAQBAJ&q=lance+bass+aptronym&pg=PP28", Archived
"https://en.wikipedia.org/wiki/Aptronym#cite_ref-roberts_8-0", Jump up to:
a
"https://en.wikipedia.org/wiki/Aptronym#cite_ref-roberts_8-1", b
"https://books.google.com/books?id=gIuUDwAAQBAJ&q=millepied+aptronym&pg=PT63", Only in New York: An Exploration of the World's Most Fascinating, Frustrating, and Irrepressible City
"https://en.wikipedia.org/wiki/Special:BookSources/9780823281084", 9780823281084
"https://web.archive.org/web/20220125062840/https://books.google.com/books?id=gIuUDwAAQBAJ&q=millepied+aptronym&pg=PT63", Archived
"https://en.wikipedia.org/wiki/Aptronym#cite_ref-9", ^
"https://www.sevendaysvt.com/vermont/aptronyms-2014-are-descriptive-monikers-coincidence-or-fate/Content?oid=2488690", "Aptronyms 2014: Are Descriptive Monikers Coincidence or Fate?"
"https://web.archive.org/web/20220125062844/https://www.sevendaysvt.com/vermont/aptronyms-2014-are-descriptive-monikers-coincidence-or-fate/Content?oid=2488690", Archived
"https://en.wikipedia.org/wiki/Aptronym#cite_ref-10", ^
"https://www.forbes.com/sites/noahkirsch/2017/10/17/inside-titos-vodka-how-a-man-named-beveridge-built-a-2-5-billion-fortune/", "Inside Tito's Vodka: How A Man Named 'Beveridge' Built A $2.5 Billion Fortune"
"https://web.archive.org/web/20210819202028/https://www.forbes.com/sites/noahkirsch/2017/10/17/inside-titos-vodka-how-a-man-named-beveridge-built-a-2-5-billion-fortune/", Archived
"https://en.wikipedia.org/wiki/Aptronym#cite_ref-11", ^
"https://en.wikipedia.org/wiki/Aptronym#cite_ref-12", ^
"https://www.thoughtco.com/what-is-aptronym-names-1689129", "Aptronym - Definitions and Examples in English"
"https://web.archive.org/web/20180414174644/https://www.thoughtco.com/what-is-aptronym-names-1689129", Archived
"https://en.wikipedia.org/wiki/Aptronym#cite_ref-:0_13-0", Jump up to:
a
"https://en.wikipedia.org/wiki/Aptronym#cite_ref-:0_13-1", b
"https://www.texasstandard.org/stories/whats-in-a-name-for-these-famous-texans-everything/", "What's In A Name? For These Famous Texans, Everything"
"https://web.archive.org/web/20210918211413/https://www.texasstandard.org/stories/whats-in-a-name-for-these-famous-texans-everything/", Archived
"https://en.wikipedia.org/wiki/Aptronym#cite_ref-14", ^
"https://www.marketwatch.com/story/doug-bowser-and-other-people-whose-names-perfectly-fit-their-jobs-2019-02-22", "Doug Bowser & Other People Whose Names Perfectly Fit Their Jobs"
"https://web.archive.org/web/20190222210916/https://www.marketwatch.com/story/doug-bowser-and-other-people-whose-names-perfectly-fit-their-jobs-2019-02-22", Archived
"https://en.wikipedia.org/wiki/Aptronym#cite_ref-15", ^
"https://books.google.com/books?id=tnxQCgAAQBAJ&q=early+wynn+aptronym&pg=PT37", Amazing Words: An Alphabetical Anthology of Alluring, Astonishing, Astounding, Bedazzling, Beguiling, Bewitching, Enchanting, Enthralling, Entrancing, Magical, Mesmerizing, Miraculous, Tantalizing, Tempting, and Transfixing Words
"https://en.wikipedia.org/wiki/Special:BookSources/9781936863310", 9781936863310
"https://web.archive.org/web/20220125062842/https://books.google.com/books?id=tnxQCgAAQBAJ&q=early+wynn+aptronym&pg=PT37", Archived
"https://en.wikipedia.org/wiki/Aptronym#cite_ref-16", ^
"https://www.thestreet.com/story/14295568/1/starbucks-adds-fittingly-named-rosalind-brewer-sam-s-club-veteran-as-coo.html", "Starbucks Adds Fittingly Named Rosalind Brewer, Sam's Club Veteran, as COO"
"https://web.archive.org/web/20170914125146/https://www.thestreet.com/story/14295568/1/starbucks-adds-fittingly-named-rosalind-brewer-sam-s-club-veteran-as-coo.html", Archived
"https://en.wikipedia.org/wiki/Aptronym#cite_ref-17", ^
"https://slate.com/news-and-politics/2006/05/wayne-schmuck-used-car-distributor.html", "Wayne Schmuck, Used-Car Distributor"
"https://web.archive.org/web/20170914082617/http://www.slate.com/articles/news_and_politics/chatterbox/2006/05/wayne_schmuck_usedcar_distributor.html", Archived
"https://en.wikipedia.org/wiki/Aptronym#cite_ref-18", ^
"https://cityroom.blogs.nytimes.com/2011/09/01/when-a-persons-name-means-what-it-says/", "When a Person's Name Means What It Says"
"https://web.archive.org/web/20181203060041/https://cityroom.blogs.nytimes.com/2011/09/01/when-a-persons-name-means-what-it-says/", Archived
"https://en.wikipedia.org/wiki/Aptronym#cite_ref-19", ^
"https://books.google.com/books?id=QQovEeLHVl0C&pg=PA137", Word Myths: Debunking Linguistic Urban Legends
"https://en.wikipedia.org/wiki/Special:BookSources/9780195375572", 9780195375572
"https://web.archive.org/web/20210819202028/https://books.google.com/books?id=QQovEeLHVl0C&pg=PA137", Archived
"https://en.wikipedia.org/wiki/Aptronym#cite_ref-20", ^
"https://www.mlb.com/news/red-sox-draft-right-hander-kutter-crawford-c236459260", "Boston bets on righty from Sale's alma mater"
"https://en.wikipedia.org/wiki/Aptronym#cite_ref-21", ^
"https://en.wikipedia.org/wiki/Aptronym#cite_ref-Politico_22-0", ^
"http://www.politico.com/story/2014/06/jay-carney-stephen-colbert-quitter-comedy-central-108107.html", "Stephen Colbert to 'quitter' Jay Carney: Man up!"
"https://en.wikipedia.org/wiki/Politico", Politico
"https://web.archive.org/web/20150714120917/http://www.politico.com/story/2014/06/jay-carney-stephen-colbert-quitter-comedy-central-108107.html", Archived
"https://en.wikipedia.org/wiki/Aptronym#cite_ref-23", ^
"http://fairbanking.org.uk/current-mark-holders-2018/", "Historic Mark Holders"
"https://web.archive.org/web/20200530114354/http://fairbanking.org.uk/current-mark-holders-2018/", Archived
"https://en.wikipedia.org/wiki/Aptronym#cite_ref-Starling2017_24-0", ^
"https://books.google.com/books?id=LrMuDwAAQBAJ&pg=PT45", Identify Yourself: The Logo for Your Life
"https://en.wikipedia.org/wiki/Special:BookSources/978-1-5043-7658-7", 978-1-5043-7658-7
"https://web.archive.org/web/20210819202029/https://books.google.com/books?id=LrMuDwAAQBAJ&pg=PT45", Archived
"https://en.wikipedia.org/wiki/Aptronym#cite_ref-25", ^
"https://www.ranker.com/list/famous-people-with-literal-names/jordan-love", "Famous People with Literal Names"
"https://web.archive.org/web/20180127182350/https://www.ranker.com/list/famous-people-with-literal-names/jordan-love", Archived
"https://en.wikipedia.org/wiki/Aptronym#cite_ref-26", ^
"https://en.wikipedia.org/wiki/Aptronym#cite_ref-slate_27-0", Jump up to:
a
"https://en.wikipedia.org/wiki/Aptronym#cite_ref-slate_27-1", b
"https://slate.com/human-interest/2016/03/how-trump-s-name-is-an-aptronym.html", "Do Our Names Shape Our Destinies? Trump's Might"
"https://web.archive.org/web/20161018234226/http://www.slate.com/blogs/lexicon_valley/2016/03/14/how_trump_s_name_is_an_aptronym.html", Archived
"https://en.wikipedia.org/wiki/Aptronym#cite_ref-28", ^
"https://www.chicagotribune.com/news/ct-xpm-2008-10-23-0810220805-story.html", "WILLIAM HEADLINE: 1931 - 2008"
"https://web.archive.org/web/20190902052452/https://www.chicagotribune.com/news/ct-xpm-2008-10-23-0810220805-story.html", Archived
"https://en.wikipedia.org/wiki/Aptronym#cite_ref-29", ^
"https://www.newspapers.com/clip/113311883/names-figure-in-sports-careers/", "Names Figure in Sports Careers"
"https://en.wikipedia.org/wiki/The_Spokesman-Review", The Spokesman-Review
"https://en.wikipedia.org/wiki/Aptronym#cite_ref-30", ^
"https://www.telegraph.co.uk/news/uknews/law-and-order/10218954/Farewell-to-a-doughty-champion-of-liberty-and-the-public-interest.html", "Farewell to a doughty champion of liberty and the public interest"
"https://en.wikipedia.org/wiki/The_Daily_Telegraph", The Daily Telegraph
"https://en.wikipedia.org/wiki/ISSN_(identifier)", ISSN
"https://www.worldcat.org/issn/0307-1235", 0307-1235
"https://web.archive.org/web/20180106173311/http://www.telegraph.co.uk/news/uknews/law-and-order/10218954/Farewell-to-a-doughty-champion-of-liberty-and-the-public-interest.html", Archived
"https://en.wikipedia.org/wiki/Aptronym#cite_ref-Furness2012_31-0", Jump up to:
a
"https://en.wikipedia.org/wiki/Aptronym#cite_ref-Furness2012_31-1", b
"https://www.telegraph.co.uk/news/newstopics/howaboutthat/9372754/Barclays-scandal-a-case-of-nominative-determinism.html", "Barclays scandal: a case of nominative determinism?"
"https://web.archive.org/web/20201028200446/https://www.telegraph.co.uk/news/newstopics/howaboutthat/9372754/Barclays-scandal-a-case-of-nominative-determinism.html", Archived
"https://en.wikipedia.org/wiki/Aptronym#cite_ref-32", ^
"https://www.theglobeandmail.com/life/travel/destinations/rotterdams-renaissance-explore-the-city-of-the-futuretoday/article37478196/", "Rotterdam's renaissance: explore the city of the future today"
"https://en.wikipedia.org/wiki/Aptronym#cite_ref-33", ^
"https://www.washingtonpost.com/archive/lifestyle/tv/1996/03/31/mr-and-mrs-loving/516969d3-69a3-41a4-8c2d-8535c3adce7c/", "MR. AND MRS. LOVING'"
"https://www.worldcat.org/issn/0190-8286", 0190-8286
"https://web.archive.org/web/20191111145132/https://www.washingtonpost.com/archive/lifestyle/tv/1996/03/31/mr-and-mrs-loving/516969d3-69a3-41a4-8c2d-8535c3adce7c/", Archived
"https://en.wikipedia.org/wiki/Aptronym#cite_ref-34", ^
"http://www.artandpopularculture.com/Aptronym", "Aptronym"
"https://web.archive.org/web/20191009171840/http://www.artandpopularculture.com/Aptronym", Archived
"https://en.wikipedia.org/wiki/Aptronym#cite_ref-35", ^
"https://www.nytimes.com/2003/05/25/us/a-player-called-money-wins-world-poker-title.html", "A Player Called 'Money' Wins World Poker Title"
"https://www.worldcat.org/issn/0362-4331", 0362-4331
"https://web.archive.org/web/20180106174927/http://www.nytimes.com/2003/05/25/us/a-player-called-money-wins-world-poker-title.html", Archived
"https://en.wikipedia.org/wiki/Aptronym#cite_ref-36", ^
"https://portfolio.panynj.gov/2015/10/22/whats-in-a-name-eugenius-harvey-outerbridge/", "What's In A Name: Eugenius Harvey Outerbridge"
"https://en.wikipedia.org/wiki/Aptronym#cite_ref-goldberg_37-0", Jump up to:
a
"https://en.wikipedia.org/wiki/Aptronym#cite_ref-goldberg_37-1", b
"https://www.reuters.com/article/us-usa-names/having-the-right-name-at-the-right-or-sometimes-wrong-time-idUSKCN1C425Q", "Having the right name at the right, or sometimes wrong, time"
"https://web.archive.org/web/20181221041408/https://www.reuters.com/article/us-usa-names/having-the-right-name-at-the-right-or-sometimes-wrong-time-idUSKCN1C425Q", Archived
"https://en.wikipedia.org/wiki/Aptronym#cite_ref-38", ^
"https://web.archive.org/web/20210619225552/https://www.washingtonpost.com/business/columns/profit-is-more-than-just-a-term-for-this-investment-adviser/2012/01/17/gIQAmcnpaQ_story.html", "Profit is more than just a term for this investment adviser"
"https://www.washingtonpost.com/business/columns/profit-is-more-than-just-a-term-for-this-investment-adviser/2012/01/17/gIQAmcnpaQ_story.html", the original
"https://en.wikipedia.org/wiki/Aptronym#cite_ref-39", ^
"https://books.google.com/books?id=3qohDgAAQBAJ&q=francine+prose+aptronym&pg=PT89", ""What's in a Name?": Aptronyms and Archetypes in Bernard Malamud's The Assistant and The Fixer"
"https://en.wikipedia.org/wiki/Special:BookSources/9780814341148", 9780814341148
"https://web.archive.org/web/20210819202031/https://books.google.com/books?id=3qohDgAAQBAJ&q=francine%20prose%20aptronym&pg=PT89", Archived
"https://en.wikipedia.org/wiki/Aptronym#cite_ref-40", ^
"https://www.si.com/hockey/all-access/top-100-goalies-no-32-jonathan-quick", "Top 100 Goalies: No. 32 – Jonathan Quick"
"https://web.archive.org/web/20210819202028/https://www.si.com/hockey/all-access/top-100-goalies-no-32-jonathan-quick", Archived
"https://en.wikipedia.org/wiki/Aptronym#cite_ref-Jakarta_Post_Swaragita_41-0", ^
"https://www.thejakartapost.com/news/2020/03/11/dr-corona-vs-coronavirus-muhammadiyah-special-center-fighting-covid-19-in-indonesia.html", "Dr. Corona vs. coronavirus: Muhammadiyah special center fighting COVID-19 in Indonesia"
"https://web.archive.org/web/20200320163644/https://www.thejakartapost.com/news/2020/03/11/dr-corona-vs-coronavirus-muhammadiyah-special-center-fighting-covid-19-in-indonesia.html", Archived
"https://en.wikipedia.org/wiki/Aptronym#cite_ref-42", ^
"https://www.cbc.ca/kidsnews/post/bowser-vs.-bowser-new-nintendo-boss-shares-name-with-villain", "Bowser vs. Bowser: New Nintendo boss shares name with villain"
"https://web.archive.org/web/20200329023144/https://www.cbc.ca/kidsnews/post/bowser-vs.-bowser-new-nintendo-boss-shares-name-with-villain", Archived
"https://en.wikipedia.org/wiki/Aptronym#cite_ref-43", ^
"https://www.inquirer.com/philly/sports/sixers/20120720_Rodman_s_father_the_original_worm.html", "Rodman's father the original worm"
"https://web.archive.org/web/20210819202027/https://www.inquirer.com/philly/sports/sixers/20120720_Rodman_s_father_the_original_worm.html", Archived
"https://en.wikipedia.org/wiki/Aptronym#cite_ref-44", ^
"https://sports.yahoo.com/tokyo-2020-first-medalist-unique-061636968.html", "The Rush: Tokyo 2020's first medalist, unique athlete names and behind the scenes in Olympic Village"
"https://web.archive.org/web/20220105161343/https://sports.yahoo.com/tokyo-2020-first-medalist-unique-061636968.html", Archived
"https://en.wikipedia.org/wiki/Aptronym#cite_ref-45", ^
"https://archive.org/details/whatinwordwordpl0000elst", What in the Word?
"https://archive.org/details/whatinwordwordpl0000elst/page/109", 109
"https://en.wikipedia.org/wiki/Aptronym#cite_ref-46", ^
"https://en.wikipedia.org/wiki/Special:BookSources/978-1-937007-16-4", 978-1-937007-16-4
"https://en.wikipedia.org/wiki/Aptronym#cite_ref-47", ^
"https://www.latimes.com/archives/la-xpm-2006-mar-12-sp-speed12-story.html", "Now, That's a Proper Name"
"https://www.worldcat.org/issn/0458-3035", 0458-3035
"https://web.archive.org/web/20190713121657/https://www.latimes.com/archives/la-xpm-2006-mar-12-sp-speed12-story.html", Archived
"https://en.wikipedia.org/wiki/Aptronym#cite_ref-48", ^
"https://us.motorsport.com/a1gp/news/speed-is-the-name-and-the-game/2071185/", "Speed is the name and the game"
"https://web.archive.org/web/20190712231015/https://us.motorsport.com/a1gp/news/speed-is-the-name-and-the-game/2071185/", Archived
"https://en.wikipedia.org/wiki/Aptronym#cite_ref-49", ^
"https://jalopnik.com/ask-formula-one-driver-and-nascar-racer-scott-speed-any-486073598", "Ask Formula One Driver And NASCAR Racer Scott Speed Anything You Want"
"https://web.archive.org/web/20190712231116/https://jalopnik.com/ask-formula-one-driver-and-nascar-racer-scott-speed-any-486073598", Archived
"https://en.wikipedia.org/wiki/Aptronym#cite_ref-50", ^
"https://en.wikipedia.org/wiki/Special:BookSources/978-1-324003-77-9", 978-1-324003-77-9
"https://en.wikipedia.org/wiki/Aptronym#cite_ref-51", ^
"https://thehill.com/blogs/blog-briefing-room/news/449573-a-woman-named-marijuana-pepsi-earns-doctoral-degree-with", "A woman named Marijuana Pepsi earns doctoral degree with dissertation on uncommon names"
"https://web.archive.org/web/20210221102841/https://thehill.com/blogs/blog-briefing-room/news/449573-a-woman-named-marijuana-pepsi-earns-doctoral-degree-with", Archived
"https://en.wikipedia.org/wiki/Aptronym#cite_ref-52", ^
"https://www.cnn.com/2019/06/21/us/marijuana-pepsi-doctorate-trnd/index.html", "She knows you think her name is different. But Dr. Marijuana Pepsi's work speaks for itself"
"https://web.archive.org/web/20210819202029/https://www.cnn.com/2019/06/21/us/marijuana-pepsi-doctorate-trnd/index.html", Archived
"https://en.wikipedia.org/wiki/Aptronym#cite_ref-53", ^
"https://archive.org/details/proseworkswilli02wordgoog", The Prose Works of William Wordsworth
"https://archive.org/details/proseworkswilli02wordgoog/page/n67", 21
"https://en.wikipedia.org/wiki/Aptronym#cite_ref-54", ^
"https://en.wikipedia.org/wiki/Modern_Philology", Modern Philology
"https://en.wikipedia.org/wiki/Doi_(identifier)", doi
"https://doi.org/10.1086%2F392000", 10.1086/392000
"https://en.wikipedia.org/wiki/JSTOR_(identifier)", JSTOR
"https://www.jstor.org/stable/438162", 438162
"https://en.wikipedia.org/wiki/S2CID_(identifier)", S2CID
"https://api.semanticscholar.org/CorpusID:162203888", 162203888
"https://en.wikipedia.org/wiki/Aptronym#cite_ref-55", ^
"https://web.archive.org/web/20210819202028/https://books.google.com/books?id=tnxQCgAAQBAJ&q=early+wynn+aptronym&pg=PT37", Archived
"https://en.wikipedia.org/wiki/Aptronym#cite_ref-56", ^
"https://slate.com/news-and-politics/2006/05/aptronym-watch-sue-yoo-too.html", "Aptronym Watch: Sue Yoo Too!"
"https://web.archive.org/web/20201025144757/https://slate.com/news-and-politics/2006/05/aptronym-watch-sue-yoo-too.html", Archived
"https://en.wikipedia.org/wiki/Aptronym#cite_ref-57", ^
"https://www.washingtonpost.com/wp-dyn/content/discussion/2006/07/11/DI2006071100616.html", "Chatological Humor* (UPDATED 7.21.06)"
"https://web.archive.org/web/20170904213102/http://www.washingtonpost.com/wp-dyn/content/discussion/2006/07/11/DI2006071100616.html", Archived
"https://en.wikipedia.org/wiki/Aptronym#cite_ref-:1_58-0", Jump up to:
a
"https://en.wikipedia.org/wiki/Aptronym#cite_ref-:1_58-1", b
"https://www.straitstimes.com/world/europe/british-police-officer-rob-banks-becomes-unlikely-internet-star-for-his-ironic-name", "British police officer Rob Banks becomes unlikely Internet star for his ironic name"
"https://www.worldcat.org/issn/0585-3923", 0585-3923
"https://web.archive.org/web/20210926150612/https://www.straitstimes.com/world/europe/british-police-officer-rob-banks-becomes-unlikely-internet-star-for-his-ironic-name", Archived
"https://en.wikipedia.org/wiki/Aptronym#cite_ref-59", ^
"https://andrewjkahn.com/2012/07/13/josh-outman-homer-bailey-grant-balfour/", "Josh Outman? Not Quite"
"https://web.archive.org/web/20181221041514/https://andrewjkahn.com/2012/07/13/josh-outman-homer-bailey-grant-balfour/", Archived
"https://en.wikipedia.org/wiki/Aptronym#cite_ref-60", ^
"http://kmhk.com/zz-top-drummer-frank-beard-finally-grows-one/", "ZZ Top Drummer Frank Beard Finally Grows One"
"https://web.archive.org/web/20180106120421/http://kmhk.com/zz-top-drummer-frank-beard-finally-grows-one/", Archived
"https://en.wikipedia.org/wiki/Aptronym#cite_ref-61", ^
"http://www.the-tls.co.uk/tls/public/article1179826.ece", "Samuel Foote, the one-legged wonder"
"https://web.archive.org/web/20151222090706/http://www.the-tls.co.uk/tls/public/article1179826.ece", Archived
"https://en.wikipedia.org/wiki/Aptronym#cite_ref-62", ^
"https://www.huffpost.com/entry/robin-mahfood-food-for-the-poor-president-has-most-ironic-name-ever_n_2728377", "Robin Mahfood, Food for the Poor President, Has Most Ironic Name Ever"
"https://web.archive.org/web/20220125062843/https://www.huffpost.com/entry/robin-mahfood-food-for-the-poor-president-has-most-ironic-name-ever_n_2728377", Archived
"https://en.wikipedia.org/wiki/Aptronym#cite_ref-63", ^
"https://improbable.com/2021/04/13/dr-i-c-notting-a-classic-case-of-nominative-determinism/", "Doctor I.C. Notting—A classic case of nominative determinism"
"https://en.wikipedia.org/wiki/Aptronym#cite_ref-64", ^
"https://billypenn.com/2020/01/09/whats-in-a-name-from-criminal-to-elite-the-history-of-outlaw/", "What's in a name? From criminal to elite, the history of 'Outlaw'"
"https://web.archive.org/web/20200226130314/https://billypenn.com/2020/01/09/whats-in-a-name-from-criminal-to-elite-the-history-of-outlaw/", Archived
"https://en.wikipedia.org/wiki/Aptronym#cite_ref-65", ^
"https://web.archive.org/web/20151222131019/http://www.rantsports.com/nhl/2014/01/19/6-biggest-goons-in-buffalo-sabres-history/#slide_6", "6 Biggest Goons in Buffalo Sabres' History"
"http://www.rantsports.com/nhl/2014/01/19/6-biggest-goons-in-buffalo-sabres-history/#slide_6", the original
"https://en.wikipedia.org/wiki/Aptronym#cite_ref-66", ^
"https://www.beyondtheboxscore.com/2012/8/27/3268541/when-the-stats-match-the-name/", When the Stats Match the Name
"https://web.archive.org/web/20210819202029/https://www.beyondtheboxscore.com/2012/8/27/3268541/when-the-stats-match-the-name/", Archived
"https://en.wikipedia.org/wiki/Wayback_Machine", Wayback Machine
"https://en.wikipedia.org/w/index.php?title=Aptronym&action=edit&section=6", edit
"http://aptonyms-wiki.wikispaces.com/", Aptonyms-wiki
"https://web.archive.org/web/20090911085713/http://homepage.mac.com/chapmandave/aptonyms/", Canadian Aptonym Centre
"https://en.wikipedia.org/wiki/Timothy_Noah", Noah, Timothy
"https://slate.com/news-and-politics/2005/12/charol-shakeshaft-topped.html", "Charol Shakeshaft, Topped! A Yellow Pages of aptronyms"
"https://en.wikipedia.org/wiki/Slate_(magazine)", Slate
"https://en.wiktionary.org/wiki/aptronym", aptronym
"https://en.wiktionary.org/wiki/aptonym", aptonym
"https://en.wiktionary.org/wiki/euonym", euonym
"https://en.wikipedia.org/wiki/Template:Personal_names", v
"https://en.wikipedia.org/wiki/Template_talk:Personal_names", t
"https://en.wikipedia.org/w/index.php?title=Template:Personal_names&action=edit", e
"https://en.wikipedia.org/wiki/Anthroponymy", anthroponymy
"https://en.wikipedia.org/wiki/Personal_identity", Personal identity
"https://en.wikipedia.org/wiki/Given_name", First name
"https://en.wikipedia.org/wiki/Surname", Last name
"https://en.wikipedia.org/wiki/Patrilineality", Patrilineal
"https://en.wikipedia.org/wiki/Matriname", Matrilineal
"https://en.wikipedia.org/wiki/List_of_family_name_affixes", Affixes
"https://en.wikipedia.org/wiki/Nobiliary_particle", Nobiliary particle
"https://en.wikipedia.org/wiki/Middle_name", Middle name
"https://en.wikipedia.org/wiki/Diminutive", Diminutive
"https://en.wikipedia.org/wiki/Double-barrelled_name", Double-barrelled
"https://en.wikipedia.org/wiki/Epithet", Epithet
"https://en.wikipedia.org/wiki/Lists_of_people_by_epithet", Common epithets
"https://en.wikipedia.org/wiki/Eponym", Eponymic
"https://en.wikipedia.org/wiki/Matronymic", Matronymic
"https://en.wikipedia.org/wiki/Metonymy", Metonymic
"https://en.wikipedia.org/wiki/Mononymous_person", Mononymic
"https://en.wikipedia.org/wiki/Occupational_name", Occupational name
"https://en.wikipedia.org/wiki/Patronymic", Patronymic
"https://en.wikipedia.org/wiki/Patronymic_surname", Surname
"https://en.wikipedia.org/wiki/Sobriquet", Sobriquet
"https://en.wikipedia.org/wiki/Teknonymy", Teknonymic
"https://en.wikipedia.org/wiki/Toponymy", Toponymic
"https://en.wikipedia.org/wiki/Toponymic_surname", Surname
"https://en.wikipedia.org/wiki/Patrial_name", Patrial name
"https://en.wikipedia.org/wiki/Unisex_name", Unisex
"https://en.wikipedia.org/wiki/Code_name", Code name
"https://en.wikipedia.org/wiki/Maiden_and_married_names", Maiden and married names
"https://en.wikipedia.org/wiki/Necronym", Necronym
"https://en.wikipedia.org/wiki/Posthumous_name", Posthumous name
"https://en.wikipedia.org/wiki/Temple_name", Temple name
"https://en.wikipedia.org/wiki/Placeholder_name", Placeholder name
"https://en.wikipedia.org/wiki/Notname", Notname
"https://en.wikipedia.org/wiki/Regnal_name", Regnal name
"https://en.wikipedia.org/wiki/Slave_name", Slave name
"https://en.wikipedia.org/wiki/Pseudonym", Pseudonyms
"https://en.wikipedia.org/wiki/List_of_pseudonyms", list
"https://en.wikipedia.org/wiki/Art_name", Art
"https://en.wikipedia.org/wiki/Bug%C5%8D", Bugō
"https://en.wikipedia.org/wiki/Nickname", Nicknames
"https://en.wikipedia.org/wiki/Lists_of_nicknames", list
"https://en.wikipedia.org/wiki/Hypocorism", Hypocorism
"https://en.wikipedia.org/wiki/Nom_de_guerre", Nom de guerre
"https://en.wikipedia.org/wiki/Pen_name", Pen name
"https://en.wikipedia.org/wiki/Heteronym_(literature)", Heteronym
"https://en.wikipedia.org/wiki/Ring_name", Ring name
"https://en.wikipedia.org/wiki/Shikona", Shikona
"https://en.wikipedia.org/wiki/Stage_name", Stage name
"https://en.wikipedia.org/wiki/List_of_stage_names", List
"https://en.wikipedia.org/wiki/List_of_one-word_stage_names", Mononyms
"https://en.wikipedia.org/wiki/Username", Username
"https://en.wikipedia.org/wiki/Surnames_by_country", Surnames by country
"https://en.wikipedia.org/wiki/East_Asian_cultural_sphere", East Asian
"https://en.wikipedia.org/w/index.php?title=Ainu_name&action=edit&redlink=1", Ainu
"https://en.wikipedia.org/wiki/Amami_name", Amami
"https://en.wikipedia.org/wiki/Chinese_name", Chinese
"https://en.wikipedia.org/wiki/Courtesy_name", Courtesy
"https://en.wikipedia.org/wiki/Generation_name", Generation
"https://en.wikipedia.org/wiki/Japanese_name", Japanese
"https://en.wikipedia.org/wiki/Korean_name", Korean
"https://en.wikipedia.org/wiki/Manchu_name", Manchu
"https://en.wikipedia.org/wiki/Mongolian_name", Mongolian
"https://en.wikipedia.org/wiki/Okinawan_name", Okinawan
"https://en.wikipedia.org/wiki/Naming_customs_of_Taiwanese_aborigines", Taiwanese aboriginal
"https://en.wikipedia.org/wiki/Tibetan_name", Tibetan
"https://en.wikipedia.org/wiki/Vietnamese_name", Vietnamese
"https://en.wikipedia.org/wiki/Muslim_world", Muslim world
"https://en.wikipedia.org/wiki/Afghan_name", Afghan
"https://en.wikipedia.org/wiki/Arabic_name", Arabic
"https://en.wikipedia.org/wiki/Azerbaijani_name", Azerbaijani
"https://en.wikipedia.org/wiki/Balinese_name", Balinese
"https://en.wikipedia.org/wiki/Bengali_name", Bengali
"https://en.wikipedia.org/wiki/Indonesian_names", Indonesian
"https://en.wikipedia.org/wiki/Chinese_Indonesian_surname", Chinese
"https://en.wikipedia.org/wiki/Javanese_name", Javanese
"https://en.wikipedia.org/wiki/Malaysian_names", Malaysian
"https://en.wikipedia.org/wiki/Mandaean_name", Mandaean name
"https://en.wikipedia.org/wiki/Pakistani_name", Pakistani
"https://en.wikipedia.org/wiki/Pashtun_name", Pashtun
"https://en.wikipedia.org/wiki/Persian_name", Persian
"https://en.wikipedia.org/wiki/Sindhi_names", Sindhi
"https://en.wikipedia.org/wiki/Somali_name", Somali
"https://en.wikipedia.org/wiki/Tatar_name", Tatar
"https://en.wikipedia.org/wiki/Turkish_name", Turkish
"https://en.wikipedia.org/wiki/Oceania", Oceania
"https://en.wikipedia.org/wiki/Australian_Aboriginal_kinship", Australian Aboriginal
"https://en.wikipedia.org/wiki/Fijian_name", Fijian
"https://en.wikipedia.org/wiki/Hawaiian_name", Hawaiian
"https://en.wikipedia.org/wiki/M%C4%81ori_naming_customs", Māori
"https://en.wikipedia.org/wiki/Sub-Saharan_Africa", Sub-Saharan Africa
"https://en.wikipedia.org/wiki/Akan_names", Ashanti
"https://en.wikipedia.org/wiki/Democratic_Republic_of_the_Congo_naming_customs", Democratic Republic of the Congo
"https://en.wikipedia.org/wiki/Naming_conventions_in_Ethiopia_and_Eritrea", Ethiopian and Eritrean
"https://en.wikipedia.org/wiki/Ewe_language#Naming_system", Ewe
"https://en.wikipedia.org/wiki/Ghanaian_name", Ghanaian
"https://en.wikipedia.org/wiki/Igbo_name", Igbo
"https://en.wikipedia.org/wiki/Yoruba_name", Yoruba
"https://en.wikipedia.org/wiki/Zimbabwean_names", Zimbabwean
"https://en.wikipedia.org/wiki/Europe", Europe
"https://en.wikipedia.org/wiki/North_America", North America
"https://en.wikipedia.org/wiki/Australasia", Australasia
"https://en.wikipedia.org/wiki/Albanian_name", Albanian
"https://en.wikipedia.org/wiki/Armenian_name", Armenian
"https://en.wikipedia.org/wiki/Jewish_surname#Ashkenazi_Jewry", Ashkenazi Jewish
"https://en.wikipedia.org/wiki/Basque_surnames", Basque
"https://en.wikipedia.org/wiki/Celtic_onomastics", Celtic
"https://en.wikipedia.org/wiki/Cornish_surnames", Cornish
"https://en.wikipedia.org/wiki/Irish_name", Irish
"https://en.wikipedia.org/wiki/Manx_surnames", Manx
"https://en.wikipedia.org/wiki/Scottish_Gaelic_name", Scottish
"https://en.wikipedia.org/wiki/Welsh_surnames", Welsh
"https://en.wikipedia.org/wiki/Finnish_name", Finnish
"https://en.wikipedia.org/wiki/French_name", French
"https://en.wikipedia.org/wiki/Georgian_name", Georgian
"https://en.wikipedia.org/wiki/Germanic_name", Germanic
"https://en.wikipedia.org/wiki/Dutch_name", Dutch
"https://en.wikipedia.org/wiki/English_name", English
"https://en.wikipedia.org/wiki/Naming_in_the_United_States", American
"https://en.wikipedia.org/wiki/African-American_names", African-American
"https://en.wikipedia.org/wiki/Canadian_name", Canadian
"https://en.wikipedia.org/wiki/Hong_Kong_name", Hongkongese
"https://en.wikipedia.org/wiki/German_name", German
"https://en.wikipedia.org/wiki/Gothic_name", Gothic
"https://en.wikipedia.org/wiki/Icelandic_name", Icelandic
"https://en.wikipedia.org/wiki/Scandinavian_family_name_etymology", Scandinavian
"https://en.wikipedia.org/wiki/Swedish_name", Swedish
"https://en.wikipedia.org/wiki/Greek_name", Greek
"https://en.wikipedia.org/wiki/Ancient_Greek_personal_names", Ancient Greek
"https://en.wikipedia.org/wiki/Greek_Cypriot_name", Cypriot
"https://en.wikipedia.org/wiki/Hungarian_names", Hungarian
"https://en.wikipedia.org/wiki/Italian_name", Italian
"https://en.wikipedia.org/wiki/Kalmyk_name", Kalmyk
"https://en.wikipedia.org/wiki/Latvian_name", Latvian
"https://en.wikipedia.org/wiki/Lithuanian_name", Lithuanian
"https://en.wikipedia.org/wiki/Portuguese_name", Portuguese
"https://en.wikipedia.org/wiki/Roman_naming_conventions", Roman
"https://en.wikipedia.org/wiki/Praenomen", Praenomen
"https://en.wikipedia.org/wiki/Nomen_(Roman_name)", Nomen
"https://en.wikipedia.org/wiki/Cognomen", Cognomen
"https://en.wikipedia.org/wiki/Agnomen", Agnomen
"https://en.wikipedia.org/wiki/Romanian_name", Romanian
"https://en.wikipedia.org/wiki/Slavic_names", Slavic
"https://en.wikipedia.org/wiki/Bulgarian_name", Bulgarian
"https://en.wikipedia.org/wiki/Croatian_name", Croatian
"https://en.wikipedia.org/wiki/Czech_name", Czech
"https://en.wikipedia.org/wiki/Eastern_Slavic_naming_customs", Eastern Slavic
"https://en.wikipedia.org/wiki/Belarusian_name", Belarusian
"https://en.wikipedia.org/wiki/Russian_name", Russian
"https://en.wikipedia.org/wiki/Ukrainian_name", Ukrainian
"https://en.wikipedia.org/wiki/Macedonian_onomastics", Macedonian
"https://en.wikipedia.org/wiki/Polish_name", Polish
"https://en.wikipedia.org/wiki/Serbian_name", Serbian
"https://en.wikipedia.org/wiki/Slovak_name", Slovak
"https://en.wikipedia.org/wiki/Slavic_name_suffixes", Suffixes
"https://en.wikipedia.org/wiki/Spanish_naming_customs", Spanish
"https://en.wikipedia.org/wiki/Naming_customs_of_Hispanic_America", Hispanic America
"https://en.wikipedia.org/wiki/Yakut_names", Sakha
"https://en.wikipedia.org/wiki/Greater_India", Greater India
"https://en.wikipedia.org/wiki/South_Asia", South Asia
"https://en.wikipedia.org/wiki/Southeast_Asia", Southeast Asia
"https://en.wikipedia.org/wiki/Burmese_name", Burmese
"https://en.wikipedia.org/wiki/Khmer_name", Cambodian
"https://en.wikipedia.org/wiki/Filipino_name", Filipino
"https://en.wikipedia.org/wiki/Indian_name", Indian
"https://en.wikipedia.org/wiki/Saint_Thomas_Christian_names", Saint Thomas Christian
"https://en.wikipedia.org/wiki/Naming_conventions_of_ancient_Tamil_country", Ancient Tamil country
"https://en.wikipedia.org/wiki/Lao_name", Lao
"https://en.wikipedia.org/wiki/Sinhalese_name", Sinhalese
"https://en.wikipedia.org/wiki/Thai_name", Thai
"https://en.wikipedia.org/wiki/Religious_name", By religion
"https://en.wikipedia.org/wiki/Christian_name", Christian name
"https://en.wikipedia.org/wiki/List_of_biblical_names", Biblical name
"https://en.wikipedia.org/wiki/Papal_name", Papal name
"https://en.wikipedia.org/wiki/Saint%27s_name", Saint's name
"https://en.wikipedia.org/wiki/Buddhist_surname", Buddhist surname
"https://en.wikipedia.org/wiki/Dharma_name", Dharma name
"https://en.wikipedia.org/wiki/Jewish_name", Jewish name
"https://en.wikipedia.org/wiki/Hebrew_name", Hebrew
"https://en.wikipedia.org/wiki/Theophoric_name", Theophoric name
"https://en.wikipedia.org/wiki/List_of_titles", List
"https://en.wikipedia.org/wiki/Title_of_authority", of authority
"https://en.wikipedia.org/wiki/Title_of_honor", of honour
"https://en.wikipedia.org/wiki/Style_(form_of_address)", Styles
"https://en.wikipedia.org/wiki/Honorific", Honorific
"https://en.wikipedia.org/wiki/Diplomatic_rank", Diplomatic
"https://en.wikipedia.org/wiki/Royal_and_noble_styles", Imperial, royal, and noble
"https://en.wikipedia.org/wiki/Judiciary_styles", Judiciary
"https://en.wikipedia.org/wiki/List_of_religious_titles_and_styles", Religious
"https://en.wikipedia.org/wiki/Ecclesiastical_titles_and_styles", Ecclesiastical
"https://en.wikipedia.org/wiki/Pre-nominal_letters", Pre-nominal letters
"https://en.wikipedia.org/wiki/Suffix_(name)", Suffix
"https://en.wikipedia.org/wiki/Emeritus", Emeritus
"https://en.wikipedia.org/wiki/Post-nominal_letters", Post-nominal letters
"https://en.wikipedia.org/wiki/Academic_degree", Academic
"https://en.wikipedia.org/wiki/Order_(distinction)", Orders
"https://en.wikipedia.org/wiki/Award", decorations
"https://en.wikipedia.org/wiki/Medal", medals
"https://en.wikipedia.org/wiki/Title", Titles
"https://en.wikipedia.org/wiki/Imperial,_royal_and_noble_ranks", Imperial, royal and noble
"https://en.wikipedia.org/wiki/Chivalry", Chivalric
"https://en.wikipedia.org/wiki/Courtesy_title", Courtesy
"https://en.wikipedia.org/wiki/False_titles_of_nobility", False
"https://en.wikipedia.org/wiki/Hereditary_title", Hereditary
"https://en.wikipedia.org/wiki/Subsidiary_title", Subsidiary
"https://en.wikipedia.org/wiki/Substantive_title", Substantive
"https://en.wikipedia.org/wiki/Military_rank", Military
"https://en.wikipedia.org/wiki/Professional_titles", Professional
"https://en.wikipedia.org/wiki/Academic_ranks", Academic
"https://en.wikipedia.org/wiki/Professional_degree", Educational
"https://en.wikipedia.org/wiki/Honorary_title_(academic)", Honorary
"https://en.wikipedia.org/wiki/Corporate_title", Business
"https://en.wikipedia.org/wiki/Judicial_titles", Judicial
"https://en.wikipedia.org/wiki/Baptism", Baptism
"https://en.wikipedia.org/wiki/Name_day", Name day
"https://en.wikipedia.org/wiki/Calendar_of_saints", Calendar of saints
"https://en.wikipedia.org/wiki/Acronym", Acronym
"https://en.wikipedia.org/wiki/Anonymity", Anonymity
"https://en.wikipedia.org/wiki/Anthropomorphism", Anthropomorphism
"https://en.wikipedia.org/wiki/Personification", Personification
"https://en.wikipedia.org/wiki/National_personification", National
"https://en.wikipedia.org/wiki/Call_sign", Call sign
"https://en.wikipedia.org/wiki/Family", Family
"https://en.wikipedia.org/wiki/Galton%E2%80%93Watson_process", Galton–Watson process
"https://en.wikipedia.org/wiki/Legal_name", Legal name
"https://en.wikipedia.org/wiki/Name_change", Name change
"https://en.wikipedia.org/wiki/List_of_most_popular_given_names", Given
"https://en.wikipedia.org/wiki/Lists_of_most_common_surnames", Surname
"https://en.wikipedia.org/wiki/Nomenclature", Nomenclature
"https://en.wikipedia.org/wiki/Nomen_nescio", Nomen nescio
"https://en.wikipedia.org/wiki/Onomastics", Onomastics
"https://en.wikipedia.org/wiki/Identifier", Identifier
"https://en.wikipedia.org/wiki/Proper_name", Proper name
"https://en.wikipedia.org/wiki/Signature", Signature
"https://en.wikipedia.org/wiki/Monogram", Monogram
"https://en.wikipedia.org/wiki/Royal_cypher", Royal cypher
"https://en.wikipedia.org/wiki/Khelrtva", Khelrtva
"https://en.wikipedia.org/wiki/Signum_manus", Signum manus
"https://en.wikipedia.org/wiki/Tughra", Tughra
"https://en.wikipedia.org/wiki/Naming_taboo", Naming taboo
"https://en.wikipedia.org/wiki/Category:Lists_of_names", Category:Lists of names
"https://en.wikipedia.org/w/index.php?title=Aptronym&oldid=1128028660", Permanent link
"https://en.wikipedia.org/wiki/Help:Category", Categories
"https://en.wikipedia.org/wiki/Category:Names", Names
"https://en.wikipedia.org/wiki/Category:Semantics", Semantics
"https://en.wikipedia.org/wiki/Category:Types_of_words", Types of words
"https://en.wikipedia.org/wiki/Category:Word_play", Word play
"https://en.wikipedia.org/wiki/Category:CS1:_Julian%E2%80%93Gregorian_uncertainty", CS1: Julian–Gregorian uncertainty
"https://en.wikipedia.org/wiki/Category:Webarchive_template_wayback_links", Webarchive template wayback links
"https://en.wikipedia.org/wiki/Category:Articles_with_short_description", Articles with short description
"https://en.wikipedia.org/wiki/Category:Short_description_is_different_from_Wikidata", Short description is different from Wikidata
"https://en.wikipedia.org/wiki/Category:Use_dmy_dates_from_October_2020", Use dmy dates from October 2020
"https://en.wikipedia.org/wiki/Special:MyTalk", Talk
"https://en.wikipedia.org/wiki/Special:MyContributions", Contributions
"https://en.wikipedia.org/w/index.php?title=Special:CreateAccount&returnto=Aptronym", Create account
"https://en.wikipedia.org/w/index.php?title=Special:UserLogin&returnto=Aptronym", Log in
"https://en.wikipedia.org/wiki/Aptronym", Read
"https://en.wikipedia.org/wiki/Talk:Aptronym", Talk
"https://en.wikipedia.org/w/index.php?title=Aptronym&action=edit", Edit
"https://en.wikipedia.org/w/index.php?title=Aptronym&action=history", View history
"https://en.wikipedia.org/wiki/Main_Page", Main page
"https://en.wikipedia.org/wiki/Wikipedia:Contents", Contents
"https://en.wikipedia.org/wiki/Portal:Current_events", Current events
"https://en.wikipedia.org/wiki/Special:Random", Random article
"https://en.wikipedia.org/wiki/Wikipedia:About", About Wikipedia
"https://en.wikipedia.org/wiki/Wikipedia:Contact_us", Contact Wikipedia
"https://donate.wikimedia.org/wiki/Special:FundraiserRedirector?utm_source=donate&utm_medium=sidebar&utm_campaign=C13_en.wikipedia.org&uselang=en", Donate
"https://en.wikipedia.org/wiki/Help:Contents", Help
"https://en.wikipedia.org/wiki/Help:Introduction", Learn to edit
"https://en.wikipedia.org/wiki/Wikipedia:Community_portal", Community portal
"https://en.wikipedia.org/wiki/Special:RecentChanges", Recent changes
"https://en.wikipedia.org/wiki/Wikipedia:File_Upload_Wizard", Upload file
"https://en.wikipedia.org/wiki/Special:WhatLinksHere/Aptronym", What links here
"https://en.wikipedia.org/wiki/Special:RecentChangesLinked/Aptronym", Related changes
"https://en.wikipedia.org/wiki/Special:SpecialPages", Special pages
"https://en.wikipedia.org/w/index.php?title=Aptronym&action=info", Page information
"https://en.wikipedia.org/w/index.php?title=Special:CiteThisPage&page=Aptronym&id=1128028660&wpFormIdentifier=titleform", Cite this page
"https://www.wikidata.org/wiki/Special:EntityPage/Q1756239", Wikidata item
"https://en.wikipedia.org/w/index.php?title=Special:DownloadAsPdf&page=Aptronym&action=show-download-screen", Download as PDF
"https://en.wikipedia.org/w/index.php?title=Aptronym&printable=yes", Printable version
"https://commons.wikimedia.org/wiki/Category:Aptonym", Wikimedia Commons
"https://ar.wikipedia.org/wiki/%D8%A7%D8%B3%D9%85_%D8%B9%D9%84%D9%89_%D9%85%D8%B3%D9%85%D9%89", العربية
"https://de.wikipedia.org/wiki/Sprechender_Name", Deutsch
"https://es.wikipedia.org/wiki/Apt%C3%B3nimo", Español
"https://fr.wikipedia.org/wiki/Aptonyme", Français
"https://id.wikipedia.org/wiki/Aptronim", Bahasa Indonesia
"https://it.wikipedia.org/wiki/Attronimo", Italiano
"https://he.wikipedia.org/wiki/%D7%A9%D7%9D_%D7%94%D7%9E%D7%A2%D7%99%D7%93_%D7%A2%D7%9C_%D7%91%D7%A2%D7%9C%D7%99%D7%95", עברית
"https://li.wikipedia.org/wiki/Aptoniem", Limburgs
"https://nl.wikipedia.org/wiki/Aptoniem", Nederlands
"https://pl.wikipedia.org/wiki/Nazwisko_znacz%C4%85ce", Polski
"https://pt.wikipedia.org/wiki/Apt%C3%B4nimo", Português
"https://sv.wikipedia.org/wiki/Aptonym", Svenska
"https://uk.wikipedia.org/wiki/%D0%97%D0%BD%D0%B0%D1%87%D1%83%D1%89%D0%B5_%D0%BF%D1%80%D1%96%D0%B7%D0%B2%D0%B8%D1%89%D0%B5", Українська
"https://zh.wikipedia.org/wiki/%E6%A0%87%E5%90%8D", 中文
"https://www.wikidata.org/wiki/Special:EntityPage/Q1756239#sitelinks-wikipedia", Edit links
"https://en.wikipedia.org/wiki/Wikipedia:Text_of_Creative_Commons_Attribution-ShareAlike_3.0_Unported_License", Creative Commons Attribution-ShareAlike License 3.0
"https://creativecommons.org/licenses/by-sa/3.0/",
"https://foundation.wikimedia.org/wiki/Terms_of_Use", Terms of Use
"https://foundation.wikimedia.org/wiki/Privacy_policy", Privacy policy
"https://www.wikimediafoundation.org/", Wikimedia Foundation, Inc.
"https://en.wikipedia.org/wiki/Wikipedia:General_disclaimer", Disclaimers
"https://en.m.wikipedia.org/w/index.php?title=Aptronym&mobileaction=toggle_view_mobile", Mobile view
"https://developer.wikimedia.org/", Developers
"https://stats.wikimedia.org/#/en.wikipedia.org", Statistics
"https://foundation.wikimedia.org/wiki/Cookie_statement", Cookie statement
"https://en.wikipedia.org/wiki/Aptronym#", Edit preview settings
"https://wikimediafoundation.org/",
"https://www.mediawiki.org/",
"https://en.wikipedia.org/wiki/Aptronym?action=edit",